{
  "version": 1,
  "author": "Uri Shaked",
  "editor": "wokwi",
  "parts": [
    { "type": "wokwi-arduino-uno", "id": "uno", "top": 70.57, "left": -151.67, "attrs": {} },
    { "type": "wokwi-a4988", "id": "drv1", "top": 81.8, "left": 226, "rotate": 270, "attrs": {} },
    {
      "type": "wokwi-stepper-motor",
      "id": "stepper1",
      "top": -121.99,
      "left": 173.23,
      "attrs": { "size": "17" }
    },
    {
      "type": "wokwi-a4988",
      "id": "drv2",
      "top": 105.12,
      "left": -393.74,
      "rotate": 270,
      "attrs": {}
    },
    {
      "type": "wokwi-stepper-motor",
      "id": "stepper2",
      "top": -102.61,
      "left": -446.5,
      "attrs": { "size": "17" }
    },
    { "type": "wokwi-hc-sr04", "id": "ultrasonic1", "top": -197.8, "left": -90.76, "attrs": {} }
  ],
  "connections": [
    [ "drv1:SLEEP", "drv1:RESET", "green", [ "v15.92", "h-9.9" ] ],
    [ "uno:3", "drv1:STEP", "orange", [ "v-31.57", "h126.27", "v124.8", "h76.8" ] ],
    [ "stepper1:B-", "drv1:1B", "green", [ "v0" ] ],
    [ "stepper1:B+", "drv1:1A", "green", [ "v0" ] ],
    [ "stepper1:A+", "drv1:2A", "green", [ "v0" ] ],
    [ "stepper1:A-", "drv1:2B", "green", [ "v0" ] ],
    [ "drv2:SLEEP", "drv2:RESET", "green", [ "v15.92", "h-9.9" ] ],
    [ "stepper2:B-", "drv2:1B", "green", [ "v0" ] ],
    [ "stepper2:B+", "drv2:1A", "green", [ "v0" ] ],
    [ "stepper2:A+", "drv2:2A", "green", [ "v0" ] ],
    [ "stepper2:A-", "drv2:2B", "green", [ "v0" ] ],
    [ "drv2:STEP", "uno:4", "green", [ "v14.04", "h169.55", "v-132.78", "h233.12" ] ],
    [ "drv2:DIR", "uno:5", "green", [ "v24.78", "h152.44", "v-162.76", "h233.62" ] ],
    [ "uno:2", "drv1:DIR", "green", [ "v-24.25", "h108.29", "v124.92", "h94.16" ] ],
    [ "ultrasonic1:ECHO", "uno:6", "green", [ "v12.28", "h43.55" ] ],
    [ "uno:7", "ultrasonic1:TRIG", "green", [ "v-157.19", "h-45.91" ] ]
  ],
  "dependencies": {}
}